{
	"$id": "http://json-schema.org/draft-07/schema#",
	"$schema": "http://json-schema.org/draft-07/schema#",
	"title": "Product",
	"description": "Some Product",
	"type": "object",
	"properties": {
		"airline" : {
			"type": "object",
			"properties": {
				"airline_id" : {
					"type": "integer"
				},
				"name" : {
					"type": "string"
				},
				"alias" : {
					"type": "string"
				},
				"iata" : {
					"type": "string"
				},
				"icao" : {
					"type": "string"
				},
				"callsign" : {
					"type": "string"
				},
				"country" : {
					"type": "string"
				},
				"active" : {
					"type": "boolean"
				}
			}
		},
		"src_airport" : {
			"type": "object",
			"properties": {
				"airport_id" : {
					"type": "integer"
				},
				"name" : {
					"type": "string"
				},
				"city" : {
					"type": "string"
				},
				"country" : {
					"type": "string"
				},
				"iata" : {
					"type": "string"
				},
				"icao" : {
					"type": "string"
				},
				"latitude" : {
					"type": "number"
				},
				"longitude" : {
					"type": "number"
				},
				"altitude" : {
					"type": "integer"
				},
				"timezone" : {
					"type": "number"
				},
				"dst" : {
					"type": "string"
				},
				"tz_id" : {
					"type": "string"
				},
				"type" : {
					"type": "string"
				},
				"source" : {
					"type": "string"
				}
			}
		},
		"dst_airport" : {
			"type": "object",
			"properties": {
				"airport_id" : {
					"type": "integer"
				},
				"name" : {
					"type": "string"
				},
				"city" : {
					"type": "string"
				},
				"country" : {
					"type": "string"
				},
				"iata" : {
					"type": "string"
				},
				"icao" : {
					"type": "string"
				},
				"latitude" : {
					"type": "number"
				},
				"longitude" : {
					"type": "number"
				},
				"altitude" : {
					"type": "integer"
				},
				"timezone" : {
					"type": "number"
				},
				"dst" : {
					"type": "string"
				},
				"tz_id" : {
					"type": "string"
				},
				"type" : {
					"type": "string"
				},
				"source" : {
					"type": "string"
				}
			}
		},
		"codeshare" : {
			"type": "boolean"
		},
		"equipment" : {
			"type": "array"
		}
	}
}