[{"date":"2021-11-21T00:00:00Z","event":"http://www.wikidata.org/entity/Q76763573","eventLabel":"2021 Chilean regional elections"},{"date":"2021-12-09T00:00:00Z","event":"http://www.wikidata.org/entity/Q102089542","eventLabel":"The Game Awards 2021"},{"date":"2021-11-22T00:00:00Z","event":"http://www.wikidata.org/entity/Q107315203","eventLabel":"Third Iberoamerican Knowledge Graph and Semantic Web Conference"},{"date":"2021-11-18T00:00:00Z","event":"http://www.wikidata.org/entity/Q108269028","eventLabel":"2021 Supercopa de Chile"},{"date":"2021-11-18T00:00:00Z","event":"http://www.wikidata.org/entity/Q108269028","eventLabel":"2021 Supercopa de Chile"},{"date":"2021-11-20T00:00:00Z","event":"http://www.wikidata.org/entity/Q108330768","eventLabel":"Constellations: Photographs in Dialogue"},{"date":"2021-11-21T00:00:00Z","event":"http://www.wikidata.org/entity/Q108330781","eventLabel":"Stephen de Staebler: Masks and Monumental Figures"},{"date":"2021-11-11T00:00:00Z","event":"http://www.wikidata.org/entity/Q108366099","eventLabel":"EuroBasket Women 2023 qualification"},{"date":"2021-11-15T00:00:00Z","event":"http://www.wikidata.org/entity/Q108372864"},{"date":"2021-11-16T00:00:00Z","event":"http://www.wikidata.org/entity/Q108377974","eventLabel":"Sprogteknologisk Konference 2021"}]